<?xml version="1.0" encoding="UTF-8"?>
<project-private xmlns="http://www.netbeans.org/ns/project-private/1">
    <editor-bookmarks xmlns="http://www.netbeans.org/ns/editor-bookmarks/2" lastBookmarkId="0"/>
    <open-files xmlns="http://www.netbeans.org/ns/projectui-open-files/2">
        <group>
            <file>file:/D:/Curso%20DAM/Asignaturas%201ºDAM/Programación/Practica4/Tarea4/src/Ejercicios/Supuesto4.java</file>
            <file>file:/D:/Curso%20DAM/Asignaturas%201ºDAM/Programación/Practica4/Tarea4/src/Ejercicios/Supuesto3.java</file>
            <file>file:/D:/Curso%20DAM/Asignaturas%201ºDAM/Programación/Practica4/Tarea4/src/Ejercicios/Supuestos2.java</file>
            <file>file:/D:/Curso%20DAM/Asignaturas%201ºDAM/Programación/Practica4/Tarea4/src/Ejercicios/Supuesto1.java</file>
        </group>
    </open-files>
</project-private>
