﻿<?xml version="1.0" encoding="UTF-8"?>
<!DOCTYPE usuarios SYSTEM "plantillaDTD_ej3.dtd">
<usuarios>
  <usuario nombre="Daniel" apellido1="Paz">
    <biblioteca>
      <playlist id="100">
        <nombre>Boleromix</nombre>
        <canciones>
        <cancion id="001" nombre="la raja de tu falda" duracion="9" tipo="rock"/>
        <cancion id="002" nombre="tus ojos" duracion="8" tipo="merengue"/>
        <cancion id="003" nombre="el tractor amarillo" duracion="6" tipo="pop"/>
        </canciones>
      </playlist>
      <favoritas>
        <cancion_fav id="010" nombre="el venao" duracion="5" tipo="rock"/>
        <cancion_fav id="020" nombre="paquito chocolatero" duracion="3" tipo="bachata"/>
        <cancion_fav id="030" nombre="la gallina turuleta" duracion="6" tipo="pachanga"/>
      </favoritas>
      <albumes>
        <album>
         <nombre_album>bomba</nombre_album>
         <artista>KingAfrica</artista>
         <duracion>90</duracion>
         <tipo>pachangueo</tipo>
           <canciones_album>
           <cancion_album id="051" nombre="la barbacoa" duracion="2" tipo="pop"/>
           <cancion_album id="021" nombre="sensual" duracion="8" tipo="soul"/>
           <cancion_album id="031" nombre="el barrilete" duracion="2" tipo="jazz"/>
          </canciones_album>
        </album>
      </albumes>
    </biblioteca>
  </usuario>
</usuarios>